{
  "F_statistic": 24.281413400621588,
  "p_value": 2.9046165637792674e-13,
  "significant": 